UNIQUE CODE,STATE,PARLIAMENTARY CONSTITUENCY CODE,PARLIAMENTARY CONSTITUENCY NAME,TOTAL ELECTORS (AUGUST 2025),ELECTORS - ORDINARY VOTERS,ELECTORS - MILITARY,ELECTORS - POLICE,18 - 20,21 - 29,30 - 39,40 - 49,50 - 59,60 - 69,70 - 79,80 - 89,90 AND ABOVE,MALE ELECTORS,FEMALE ELECTORS
P. 001,PERLIS,P. 001,PADANG BESAR,61175,59388,1416,371,3504,11985,14970,11026,7586,6452,4137,1278,237,30622,30553
P. 002,PERLIS,P. 002,KANGAR,76491,75430,0,1061,4445,15200,17623,13484,9713,8901,5268,1550,307,37875,38616
P. 003,PERLIS,P. 003,ARAU,61697,61331,78,288,3584,11828,13356,11020,8907,7335,4111,1325,231,30076,31621
P. 004,KEDAH,P. 004,LANGKAWI,70541,69307,301,933,5370,17479,16433,12251,9564,5931,2665,718,130,35825,34716
P. 005,KEDAH,P. 005,JERLUN,68236,68210,0,26,3679,12496,14396,12579,10359,8136,4827,1556,208,33530,34706
P. 006,KEDAH,P. 006,KUBANG PASU,112876,110412,1648,816,8037,25782,26556,19112,13822,11376,6230,1716,245,56063,56813
P. 007,KEDAH,P. 007,PADANG TERAP,61463,61214,0,249,3623,12535,14396,11366,8608,6403,3260,1124,148,30129,31334
P. 008,KEDAH,P. 008,POKOK SENA,117008,114671,1524,813,6376,22814,26902,21111,15744,13324,7755,2593,389,57897,59111
P. 009,KEDAH,P. 009,ALOR SETAR,106387,105711,0,676,5123,18825,22897,18995,14517,13916,8729,2698,687,52026,54361
P. 010,KEDAH,P. 010,KUALA KEDAH,135038,134961,0,77,7790,26858,29855,25014,18518,15435,8704,2463,401,66155,68883
P. 011,KEDAH,P. 011,PENDANG,96493,96241,0,252,5705,18773,21073,17603,14333,10854,5894,1950,308,46918,49575
P. 012,KEDAH,P. 012,JERAI,107007,106746,36,225,6348,21634,22693,18935,16175,11986,6705,2102,429,52666,54341
P. 013,KEDAH,P. 013,SIK,64355,64142,0,213,3796,12780,14742,12200,9401,6442,3697,1109,188,31774,32581
P. 014,KEDAH,P. 014,MERBOK,138671,134330,3773,568,9730,33012,31530,24017,18075,13538,6842,1586,341,68671,70000
P. 015,KEDAH,P. 015,SUNGAI PETANI,176094,175899,0,195,12079,40259,37942,29016,24436,19555,9553,2628,626,86197,89897
P. 016,KEDAH,P. 016,BALING,134659,134350,0,309,7859,27669,30452,24660,19626,14173,7423,2301,496,65813,68846
P. 017,KEDAH,P. 017,PADANG SERAI,141516,141438,0,78,11804,36764,29621,22589,19142,13500,6067,1666,363,69445,72071
P. 018,KEDAH,P. 018,KULIM-BANDAR BAHARU,91472,90051,0,1421,5327,18716,20353,16273,13121,10367,5329,1618,368,45187,46285
P. 019,KELANTAN,P. 019,TUMPAT,153255,152812,0,443,10111,33063,37045,27296,20005,14645,7628,2656,806,76542,76713
P. 020,KELANTAN,P. 020,PENGKALAN CHEPA,111084,108696,1248,1140,7895,26585,28923,19805,13013,9117,4365,1151,230,55053,56031
P. 021,KELANTAN,P. 021,KOTA BHARU,116725,115876,0,849,6174,21723,28079,21246,15653,13537,7554,2218,541,57546,59179
P. 022,KELANTAN,P. 022,PASIR MAS,96347,96238,0,109,6126,20143,22863,17420,12679,9430,5219,1877,590,47473,48874
P. 023,KELANTAN,P. 023,RANTAU PANJANG,95893,95484,37,372,6280,20954,22622,16427,12748,9464,5053,1778,567,48137,47756
P. 024,KELANTAN,P. 024,KUBANG KERIAN,117944,117845,0,99,8403,27518,29830,20288,13980,10767,5296,1576,286,57874,60070
P. 025,KELANTAN,P. 025,BACHOK,127271,127046,0,225,8859,28419,31937,23400,16261,10896,5620,1607,272,62177,65094
P. 026,KELANTAN,P. 026,KETEREH,87846,85196,2600,50,5759,19437,21883,15948,11293,8214,3960,1171,181,43693,44153
P. 027,KELANTAN,P. 027,TANAH MERAH,101450,101203,0,247,6581,21585,25442,19040,13122,9604,4687,1192,197,49946,51504
P. 028,KELANTAN,P. 028,PASIR PUTEH,115250,115023,0,227,7882,25551,28464,20886,14874,10316,5300,1714,263,55931,59319
P. 029,KELANTAN,P. 029,MACHANG,89955,89740,5,210,5548,18959,22530,16320,11709,8859,4386,1394,250,44205,45750
P. 030,KELANTAN,P. 030,JELI,60386,58804,1331,251,3800,12978,15349,10945,8040,5464,2705,873,232,30395,29991
P. 031,KELANTAN,P. 031,KUALA KRAI,94052,93749,0,303,6121,20730,24212,17366,11411,8554,4186,1234,238,46969,47083
P. 032,KELANTAN,P. 032,GUA MUSANG,73531,73277,0,254,5556,18119,20368,12739,7253,5879,2990,558,69,37352,36179
P. 033,TERENGGANU,P. 033,BESUT,116606,115009,1234,363,8101,26551,30496,21260,14362,9762,4635,1251,188,58059,58547
P. 034,TERENGGANU,P. 034,SETIU,112064,111795,6,263,7634,24875,29259,21447,13776,9372,4316,1203,182,55589,56475
P. 035,TERENGGANU,P. 035,KUALA NERUS,111037,109617,720,700,7786,25265,29290,20485,13212,9534,4243,1107,115,55461,55576
P. 036,TERENGGANU,P. 036,KUALA TERENGGANU,125660,124335,17,1308,6801,23177,30807,24346,17049,14047,6936,2143,354,62375,63285
P. 037,TERENGGANU,P. 037,MARANG,138086,137367,183,536,9576,30957,35668,25257,17251,12207,5410,1577,183,68633,69453
P. 038,TERENGGANU,P. 038,HULU TERENGGANU,90920,90661,0,259,5505,18145,23808,18195,11118,8511,4145,1306,187,45114,45806
P. 039,TERENGGANU,P. 039,DUNGUN,121177,120570,26,581,8759,27463,30704,22678,14975,10646,4615,1147,190,60683,60494
P. 040,TERENGGANU,P. 040,KEMAMAN,146872,146503,9,360,10785,33225,36219,27637,18458,13366,5632,1348,202,74120,72752
P. 041,PULAU PINANG,P. 041,KEPALA BATAS,87523,86925,0,598,6367,19730,18008,15183,13178,8767,4689,1411,190,43289,44234
P. 042,PULAU PINANG,P. 042,TASEK GELUGOR,83990,81731,2153,106,5370,17690,18620,15502,12058,8572,4626,1344,208,41469,42521
P. 043,PULAU PINANG,P. 043,BAGAN,90699,90533,0,166,3922,14178,15989,16558,15548,13397,8170,2415,522,44540,46159
P. 044,PULAU PINANG,P. 044,PERMATANG PAUH,110759,109984,0,775,6459,21921,23324,20117,16989,13171,6896,1622,260,54515,56244
P. 045,PULAU PINANG,P. 045,BUKIT MERTAJAM,124594,124545,0,49,6630,23637,24879,22146,18881,15746,9467,2745,463,60875,63719
P. 046,PULAU PINANG,P. 046,BATU KAWAN,92017,91807,0,210,5223,18224,18090,16514,14589,11178,6111,1730,358,45092,46925
P. 047,PULAU PINANG,P. 047,NIBONG TEBAL,105027,104487,0,540,6948,22715,21944,18784,15919,11032,5820,1597,268,51136,53891
P. 048,PULAU PINANG,P. 048,BUKIT BENDERA,92112,91122,449,541,3188,11530,14649,14907,15764,15368,10998,4588,1120,43450,48662
P. 049,PULAU PINANG,P. 049,TANJONG,50511,49567,9,935,941,3894,6092,7148,9046,11222,7987,2656,1525,25517,24994
P. 050,PULAU PINANG,P. 050,JELUTONG,94607,93611,0,996,3831,13429,17244,16883,15258,14845,9464,2939,714,45481,49126
P. 051,PULAU PINANG,P. 051,BUKIT GELUGOR,118387,118289,17,81,5084,18566,22492,21946,19098,16365,10464,3660,712,56488,61899
P. 052,PULAU PINANG,P. 052,BAYAN BARU,123297,121413,1547,337,6209,21823,25920,22864,18950,15846,8882,2418,385,59824,63473
P. 053,PULAU PINANG,P. 053,BALIK PULAU,84754,83989,0,765,5527,17611,17663,14670,12878,9909,4803,1414,279,42211,42543
P. 054,PERAK,P. 054,GERIK,48600,46308,1323,969,3249,10998,12101,8552,5871,4666,2302,712,149,25367,23233
P. 055,PERAK,P. 055,LENGGONG,37330,37281,0,49,1993,6656,8952,7175,4886,4172,2529,779,188,18445,18885
P. 056,PERAK,P. 056,LARUT,66210,65991,0,219,3666,13182,15198,12348,9157,7019,4084,1305,251,32551,33659
P. 057,PERAK,P. 057,PARIT BUNTAR,67653,67567,0,86,3501,12808,13895,12884,10753,7704,4471,1320,317,33860,33793
P. 058,PERAK,P. 058,BAGAN SERAI,80662,80369,0,293,4697,16393,17705,14680,12174,8462,4739,1460,352,40042,40620
P. 059,PERAK,P. 059,BUKIT GANTANG,95207,95124,0,83,5098,18388,22041,17817,13085,11062,5898,1518,300,46913,48294
P. 060,PERAK,P. 060,TAIPING,120531,116605,3403,523,5105,20674,26766,21199,15850,15762,10783,3488,904,59189,61342
P. 061,PERAK,P. 061,PADANG RENGAS,38629,38591,0,38,1876,6820,8441,7024,5551,4838,2817,1011,251,19138,19491
P. 062,PERAK,P. 062,SUNGAI SIPUT,72583,72316,0,267,3680,13373,14674,13482,11093,8996,5175,1708,402,36135,36448
P. 063,PERAK,P. 063,TAMBUN,167193,162851,2028,2314,10950,36267,37812,29713,22344,18032,9354,2304,417,82611,84582
P. 064,PERAK,P. 064,IPOH TIMOR,116988,114207,600,2181,4141,15482,20042,20555,18189,17832,13585,5608,1554,57550,59438
P. 065,PERAK,P. 065,IPOH BARAT,113986,113192,491,303,4465,17407,20779,19617,18008,16789,11564,4158,1199,55702,58284
P. 066,PERAK,P. 066,BATU GAJAH,112358,111647,157,554,5323,19049,19875,20197,18459,15448,10019,3321,667,56596,55762
P. 067,PERAK,P. 067,KUALA KANGSAR,46773,46482,0,291,2304,8547,10308,8522,6547,5670,3385,1166,324,23020,23753
P. 068,PERAK,P. 068,BERUAS,108524,108335,0,189,5625,19370,22034,19768,16097,13603,8522,2810,695,54615,53909
P. 069,PERAK,P. 069,PARIT,48735,48303,82,350,2986,9693,10933,8589,6871,5661,2876,904,222,24155,24580
P. 070,PERAK,P. 070,KAMPAR,87756,87378,0,378,3817,13655,16169,15625,14221,12444,8035,2994,796,44363,43393
P. 071,PERAK,P. 071,GOPENG,147390,145994,1099,297,8611,30429,31208,25554,21040,17588,9483,2928,549,72749,74641
P. 072,PERAK,P. 072,TAPAH,62163,60663,630,870,3179,11321,13941,11382,8509,7631,4257,1521,422,31108,31055
P. 073,PERAK,P. 073,PASIR SALAK,75582,75513,0,69,4265,14956,17668,14285,10456,7683,4485,1448,336,37610,37972
P. 074,PERAK,P. 074,LUMUT,98022,87564,9907,551,6188,23315,23168,18268,11475,9736,4544,1066,262,51829,46193
P. 075,PERAK,P. 075,BAGAN DATUK,57730,57430,0,300,2602,9875,13873,11035,7850,6686,4199,1245,365,29119,28611
P. 076,PERAK,P. 076,TELUK INTAN,86662,86354,0,308,3881,15046,19369,15717,11573,11024,7150,2259,643,42351,44311
P. 077,PERAK,P. 077,TANJONG MALIM,94645,94199,39,407,4945,17142,21179,18898,12166,10385,7335,2053,542,47393,47252
P. 078,PAHANG,P. 078,CAMERON HIGHLANDS,47611,47273,106,232,3347,10303,10795,8248,6227,4772,2735,897,287,24091,23520
P. 079,PAHANG,P. 079,LIPIS,47670,47031,316,323,2702,9542,11475,8205,6191,5493,2792,1012,258,24136,23534
P. 080,PAHANG,P. 080,RAUB,75656,75295,27,334,3726,13244,17287,13784,10518,9488,5383,1848,378,38263,37393
P. 081,PAHANG,P. 081,JERANTUT,88426,88132,25,269,5523,17410,20880,17996,11639,7819,5432,1516,211,44264,44162
P. 082,PAHANG,P. 082,INDERA MAHKOTA,127567,125587,872,1108,10073,31591,29995,21407,15488,12373,5254,1174,212,63694,63873
P. 083,PAHANG,P. 083,KUANTAN,90236,88630,33,1573,5362,18523,19906,15136,12541,10761,5926,1690,391,45492,44744
P. 084,PAHANG,P. 084,PAYA BESAR,84001,83902,29,70,5975,18012,20307,15620,10382,8331,4117,1102,155,41653,42348
P. 085,PAHANG,P. 085,PEKAN,126062,117892,7733,437,8857,28415,33331,23900,14459,10639,4998,1176,287,64356,61706
P. 086,PAHANG,P. 086,MARAN,54271,54015,0,256,3354,10197,12038,11105,8401,4677,3083,1249,167,27155,27116
P. 087,PAHANG,P. 087,KUALA KRAU,61724,61687,0,37,3689,11246,14874,13855,7701,5094,4296,851,118,30459,31265
P. 088,PAHANG,P. 088,TEMERLOH,109883,107611,1712,560,6735,23935,27046,19213,13929,11397,5747,1548,333,55102,54781
P. 089,PAHANG,P. 089,BENTONG,87971,86659,935,377,4491,15797,18967,16528,12929,10552,6278,2062,367,44733,43238
P. 090,PAHANG,P. 090,BERA,77286,75312,1698,276,4425,14162,18725,15732,10235,7561,4904,1361,181,39017,38269
P. 091,PAHANG,P. 091,ROMPIN,92226,91589,289,348,5949,19026,25192,18374,9243,8803,4778,727,134,45850,46376
P. 092,SELANGOR,P. 092,SABAK BERNAM,52726,52662,2,62,3024,10197,12239,9478,7498,5740,3332,969,249,25896,26830
P. 093,SELANGOR,P. 093,SUNGAI BESAR,65796,65435,0,361,3448,13083,16218,11845,9483,6876,3591,1040,212,33188,32608
P. 094,SELANGOR,P. 094,HULU SELANGOR,164571,163328,262,981,12251,39472,35467,26735,23497,17134,7539,2022,454,81416,83155
P. 095,SELANGOR,P. 095,TANJONG KARANG,63789,63760,0,29,3662,12715,14488,11908,9353,6871,3641,935,216,31981,31808
P. 096,SELANGOR,P. 096,KUALA SELANGOR,110992,110616,0,376,8504,25825,24500,19303,15544,10760,5009,1233,314,54743,56249
P. 097,SELANGOR,P. 097,SELAYANG,196611,195636,66,909,15180,47281,42167,32788,27002,20809,8866,2100,418,97276,99335
P. 098,SELANGOR,P. 098,GOMBAK,217115,216662,213,240,13868,43713,49024,39907,29361,24973,13160,2707,402,107448,109667
P. 099,SELANGOR,P. 099,AMPANG,139674,139352,0,322,8138,27350,29544,24814,20805,17338,8972,2333,380,68634,71040
P. 100,SELANGOR,P. 100,PANDAN,155025,154571,0,454,8118,27965,33913,28992,24200,20354,9237,1996,250,76083,78942
P. 101,SELANGOR,P. 101,HULU LANGAT,183912,180584,0,3328,15250,45267,40057,30200,24299,18730,8016,1773,320,91809,92103
P. 102,SELANGOR,P. 102,BANGI,332644,331129,420,1095,25916,80268,72959,56397,44114,34293,15036,3203,458,164023,168621
P. 103,SELANGOR,P. 103,PUCHONG,165900,165580,32,288,12637,36282,31951,30731,25687,17576,8616,2145,275,82675,83225
P. 104,SELANGOR,P. 104,SUBANG,247870,246064,191,1615,14546,48890,49790,41997,39130,33792,15745,3537,443,121773,126097
P. 105,SELANGOR,P. 105,PETALING JAYA,200070,195553,3552,965,10233,33425,39141,35661,31936,26432,16426,5373,1443,98519,101551
P. 106,SELANGOR,P. 106,DAMANSARA,249037,248533,0,504,12903,42096,44770,44431,39970,33607,22374,7607,1279,120795,128242
P. 107,SELANGOR,P. 107,SUNGAI BULOH,175442,172948,1710,784,15627,45613,37603,29264,24228,15366,6241,1258,242,87572,87870
P. 108,SELANGOR,P. 108,SHAH ALAM,181385,179119,54,2212,14168,40857,39067,33454,24331,18575,9172,1527,234,90366,91019
P. 109,SELANGOR,P. 109,KAPAR,202252,201412,0,840,15472,49220,45015,35139,28272,18773,8370,1667,324,100452,101800
P. 110,SELANGOR,P. 110,KLANG,215224,214121,302,801,11743,37882,40171,39842,33857,28865,17050,4728,1086,106892,108332
P. 111,SELANGOR,P. 111,KOTA RAJA,268698,268662,0,36,22501,66262,57561,47232,37301,24711,10765,2040,325,132300,136398
P. 112,SELANGOR,P. 112,KUALA LANGAT,160284,159281,553,450,11971,35537,35427,30324,21515,15816,7330,1924,440,79652,80632
P. 113,SELANGOR,P. 113,SEPANG,187620,185907,83,1630,17051,45434,39757,33650,25039,16820,7443,2000,426,93941,93679
P. 114,WILAYAH PERSEKUTUAN KUALA LUMPUR,P. 114,KEPONG,92621,92338,0,283,3644,13101,15084,16627,17242,14622,8973,2911,417,46489,46132
P. 115,WILAYAH PERSEKUTUAN KUALA LUMPUR,P. 115,BATU,116221,113332,2210,679,6625,22325,26070,21855,16070,13642,7184,1955,495,57934,58287
P. 116,WILAYAH PERSEKUTUAN KUALA LUMPUR,P. 116,WANGSA MAJU,121213,118425,2492,296,6021,21283,28884,23049,17396,15139,7434,1705,302,59719,61494
P. 117,WILAYAH PERSEKUTUAN KUALA LUMPUR,P. 117,SEGAMBUT,122320,122099,0,221,6574,20832,24766,22434,18042,16086,9857,2970,759,59462,62858
P. 118,WILAYAH PERSEKUTUAN KUALA LUMPUR,P. 118,SETIAWANGSA,97400,86114,8612,2674,5011,18388,24736,18539,13049,11178,5038,1183,278,49752,47648
P. 119,WILAYAH PERSEKUTUAN KUALA LUMPUR,P. 119,TITIWANGSA,80522,78531,1771,220,3833,13080,16957,14018,13090,11443,5885,1644,572,40139,40383
P. 120,WILAYAH PERSEKUTUAN KUALA LUMPUR,P. 120,BUKIT BINTANG,74689,71962,0,2727,1934,7233,9711,11439,13766,14636,10602,3733,1635,39154,35535
P. 121,WILAYAH PERSEKUTUAN KUALA LUMPUR,P. 121,LEMBAH PANTAI,99790,91151,47,8592,4051,14094,21619,20017,16155,13480,7408,2382,584,51670,48120
P. 122,WILAYAH PERSEKUTUAN KUALA LUMPUR,P. 122,SEPUTEH,125364,124996,0,368,6394,20241,22529,22987,21098,16373,11083,3901,758,61010,64354
P. 123,WILAYAH PERSEKUTUAN KUALA LUMPUR,P. 123,CHERAS,97417,96346,0,1071,3668,13003,15669,17223,17425,15956,10309,3384,780,48503,48914
P. 124,WILAYAH PERSEKUTUAN KUALA LUMPUR,P. 124,BANDAR TUN RAZAK,122295,117450,4668,177,7559,24957,27068,23224,18147,12971,6651,1500,218,61094,61201
P. 125,WILAYAH PERSEKUTUAN PUTRAJAYA,P. 125,PUTRAJAYA,47975,46715,598,662,4576,9786,10998,13151,4886,3484,1002,86,6,23614,24361
P. 126,NEGERI SEMBILAN,P. 126,JELEBU,60367,59070,0,1297,2956,9848,12977,12880,7955,7004,5086,1375,286,30508,29859
P. 127,NEGERI SEMBILAN,P. 127,JEMPOL,96536,96180,0,356,4794,16352,24987,19131,10268,12063,7134,1531,276,47079,49457
P. 128,NEGERI SEMBILAN,P. 128,SEREMBAN,164625,163060,28,1537,10572,33118,33980,28479,23175,19922,11175,3343,861,81653,82972
P. 129,NEGERI SEMBILAN,P. 129,KUALA PILAH,63975,63668,0,307,3065,10622,13208,11508,9476,8695,5065,1869,467,31634,32341
P. 130,NEGERI SEMBILAN,P. 130,RASAH,163812,161751,1401,660,10656,34831,33384,27764,22997,19051,10986,3301,842,80782,83030
P. 131,NEGERI SEMBILAN,P. 131,REMBAU,141552,139254,1748,550,9841,32220,31553,23768,19002,15440,7294,1956,478,69604,71948
P. 132,NEGERI SEMBILAN,P. 132,PORT DICKSON,111347,100781,10082,484,7571,24155,23926,19406,15220,12026,6623,1926,494,58332,53015
P. 133,NEGERI SEMBILAN,P. 133,TAMPIN,82059,77499,4152,408,3860,15065,20011,16318,10222,9221,5454,1629,279,41399,40660
P. 134,MELAKA,P. 134,MASJID TANAH,71051,70824,142,85,4264,14441,15838,12456,9887,8141,4287,1459,278,34621,36430
P. 135,MELAKA,P. 135,ALOR GAJAH,96073,95541,34,498,5848,18969,20729,17194,13442,11145,6237,2074,435,47292,48781
P. 136,MELAKA,P. 136,TANGGA BATU,121987,112668,9262,57,8559,29162,28522,21761,15443,11107,5557,1609,267,62441,59546
P. 137,MELAKA,P. 137,HANG TUAH JAYA,122825,121779,145,901,7612,24699,27338,22174,16532,14320,7523,2280,347,60248,62577
P. 138,MELAKA,P. 138,KOTA MELAKA,167072,166246,0,826,8591,29383,33009,29558,24361,22590,13922,4647,1011,81225,85847
P. 139,MELAKA,P. 139,JASIN,99808,99507,0,301,5891,20370,21678,17706,14355,11402,6006,2073,327,48671,51137
P. 140,JOHOR,P. 140,SEGAMAT,69843,68603,435,805,3141,11918,15847,11954,9517,9813,5566,1671,416,35193,34650
P. 141,JOHOR,P. 141,SEKIJANG,65455,65455,0,0,3748,12686,14783,12401,8491,7375,4545,1230,196,32381,33074
P. 142,JOHOR,P. 142,LABIS,49865,49816,0,49,2340,8109,10319,9098,7769,6572,4022,1326,310,25055,24810
P. 143,JOHOR,P. 143,PAGOH,71352,71246,0,106,3928,13613,15838,12554,9972,8842,4474,1736,395,35555,35797
P. 144,JOHOR,P. 144,LEDANG,106893,106524,0,369,6045,21078,22913,18454,15393,12795,7180,2561,474,52838,54055
P. 145,JOHOR,P. 145,BAKRI,98739,97819,0,920,5046,17549,20645,17585,14598,12804,7452,2517,543,48839,49900
P. 146,JOHOR,P. 146,MUAR,70688,70034,0,654,3908,13640,15362,12581,9837,8365,4788,1734,473,35122,35566
P. 147,JOHOR,P. 147,PARIT SULONG,80958,80910,0,48,4353,15432,16644,13419,12289,10581,5699,2042,499,39796,41162
P. 148,JOHOR,P. 148,AYER HITAM,62365,62309,0,56,3535,12375,13270,10869,9412,7406,3888,1346,264,31108,31257
P. 149,JOHOR,P. 149,SRI GADING,82104,82008,54,42,5663,18777,18173,13337,11419,8876,4185,1401,273,40672,41432
P. 150,JOHOR,P. 150,BATU PAHAT,135958,134940,519,499,6964,25323,29763,23873,19776,16475,9771,3298,715,67219,68739
P. 151,JOHOR,P. 151,SIMPANG RENGGAM,60148,59468,0,680,3263,11674,13617,10329,8801,7096,3724,1346,298,30094,30054
P. 152,JOHOR,P. 152,KLUANG,134879,129994,4424,461,7076,26087,30290,23336,18644,16268,9605,2947,626,67424,67455
P. 153,JOHOR,P. 153,SEMBRONG,55159,55109,0,50,2565,9173,13108,10848,6936,7085,4179,1034,231,27616,27543
P. 154,JOHOR,P. 154,MERSING,67512,65720,1449,343,3562,12774,17607,13218,7313,7669,4185,939,245,34163,33349
P. 155,JOHOR,P. 155,TENGGARA,70603,68434,1711,458,4729,16246,16434,12871,9617,6225,3415,916,150,35298,35305
P. 156,JOHOR,P. 156,KOTA TINGGI,61584,61530,0,54,3159,10252,14549,13572,7880,6213,4704,1040,215,30704,30880
P. 157,JOHOR,P. 157,PENGERANG,57075,55632,1255,188,3563,10073,12472,13425,7512,4250,4588,971,221,28959,28116
P. 158,JOHOR,P. 158,TEBRAU,242019,241732,0,287,22106,63653,50579,41594,35022,19341,7537,1754,433,121866,120153
P. 159,JOHOR,P. 159,PASIR GUDANG,209254,207371,1025,858,15213,48129,45769,36012,32683,21433,8099,1652,264,105622,103632
P. 160,JOHOR,P. 160,JOHOR BAHRU,136550,134451,0,2099,5866,19498,26204,24629,21353,20262,13443,4177,1118,68346,68204
P. 161,JOHOR,P. 161,PULAI,172321,171501,0,820,11590,34687,34871,32662,26133,18502,10167,2753,956,86592,85729
P. 162,JOHOR,P. 162,ISKANDAR PUTERI,236348,234868,0,1480,17492,52251,51248,41903,35064,24793,10754,2378,465,118426,117922
P. 163,JOHOR,P. 163,KULAI,158926,158268,63,595,11564,35929,31871,26905,24248,16368,8608,2854,579,79831,79095
P. 164,JOHOR,P. 164,PONTIAN,76190,76123,0,67,4099,14066,16912,13277,11073,8757,5610,1911,485,37882,38308
P. 165,JOHOR,P. 165,TANJUNG PIAI,72151,71864,0,287,4055,13698,15192,12543,10947,8582,4972,1713,449,36463,35688
P. 166,WILAYAH PERSEKUTUAN LABUAN,P. 166,LABUAN,47429,45473,1551,405,3473,10707,11494,8173,5516,4992,2335,547,192,24876,22553
P. 167,SABAH,P. 167,KUDAT,79183,78542,61,580,5814,18213,18625,14015,9706,6788,3325,1394,1303,40181,39002
P. 168,SABAH,P. 168,KOTA MARUDU,85863,85662,0,201,6609,20577,21593,15245,9569,6821,3138,1290,1021,43462,42401
P. 169,SABAH,P. 169,KOTA BELUD,83543,83011,340,192,5690,17950,19432,15015,11231,8594,3338,1433,860,41048,42495
P. 170,SABAH,P. 170,TUARAN,88717,88517,0,200,6558,19199,20827,15857,11938,8782,3547,1229,780,44252,44465
P. 171,SABAH,P. 171,SEPANGGAR,117841,114670,3153,18,9402,30717,30375,19627,12510,9977,3639,1017,577,60206,57635
P. 172,SABAH,P. 172,KOTA KINABALU,72217,72019,164,34,2378,8681,13664,13097,11878,11675,7600,2430,814,35179,37038
P. 173,SABAH,P. 173,PUTATAN,67541,64395,3096,50,4498,15249,16157,11748,8233,6905,3400,894,457,34919,32622
P. 174,SABAH,P. 174,PENAMPANG,80726,78040,44,2642,5354,16753,18623,15997,10733,7883,3880,1082,421,40958,39768
P. 175,SABAH,P. 175,PAPAR,64121,63205,0,916,4809,13942,13690,11699,9162,6673,3001,819,326,32019,32102
P. 176,SABAH,P. 176,KIMANIS,42613,42592,0,21,2720,8132,9677,8169,6468,4589,1940,554,364,21373,21240
P. 177,SABAH,P. 177,BEAUFORT,44602,44374,0,228,2524,7801,9236,8582,7305,5809,2308,770,267,22474,22128
P. 178,SABAH,P. 178,SIPITANG,47741,47580,0,161,3111,9832,11090,8605,6796,5326,2011,650,320,24194,23547
P. 179,SABAH,P. 179,RANAU,70199,70001,0,198,5361,16092,17201,12795,8395,6291,2441,952,671,35420,34779
P. 180,SABAH,P. 180,KENINGAU,93202,92400,0,802,7078,22390,23811,15932,11353,8205,2998,886,549,47065,46137
P. 181,SABAH,P. 181,TENOM,44513,44334,0,179,3135,9446,10428,8027,6133,4537,1591,670,546,22213,22300
P. 182,SABAH,P. 182,PENSIANGAN,60325,60312,0,13,5337,16019,15314,9650,6477,4380,1541,740,867,30171,30154
P. 183,SABAH,P. 183,BELURAN,48001,47749,0,252,3926,11804,11809,8162,5813,3849,1588,649,401,24522,23479
P. 184,SABAH,P. 184,LIBARAN,76382,74731,406,1245,6339,18864,18599,13296,9016,6191,2826,808,443,39128,37254
P. 185,SABAH,P. 185,BATU SAPI,47171,45786,1029,356,3151,10872,11170,7574,5843,4723,2474,805,559,24469,22702
P. 186,SABAH,P. 186,SANDAKAN,55826,55377,0,449,3385,11747,12218,9020,7120,6642,3766,1260,668,28157,27669
P. 187,SABAH,P. 187,KINABATANGAN,48669,48469,0,200,4130,12039,11750,8245,5895,4027,1544,566,473,25078,23591
P. 188,SABAH,P. 188,LAHAD DATU,107767,105940,384,1443,9123,27968,27774,17188,11692,8900,3494,947,681,55751,52016
P. 189,SABAH,P. 189,SEMPORNA,77667,76264,364,1039,7068,19954,18294,12973,9492,6096,2075,840,875,38763,38904
P. 190,SABAH,P. 190,TAWAU,91891,90532,609,750,6685,20155,20462,15705,11805,9992,4980,1436,671,47184,44707
P. 191,SABAH,P. 191,KALABAKAN,89792,87184,2047,561,6914,22154,23563,15605,9352,7826,3048,881,449,46234,43558
P. 192,SARAWAK,P. 192,MAS GADING,49234,48525,536,173,3041,9836,10009,8063,7972,6197,3011,853,252,25170,24064
P. 193,SARAWAK,P. 193,SANTUBONG,84274,84113,38,123,6526,19964,18974,14128,11709,7934,3711,1071,257,41803,42471
P. 194,SARAWAK,P. 194,PETRA JAYA,115259,114410,0,849,7960,25861,26482,19905,15994,11385,5601,1664,407,56605,58654
P. 195,SARAWAK,P. 195,BANDAR KUCHING,109632,108402,54,1176,3528,12941,16904,18084,18898,19794,13684,4640,1159,53272,56360
P. 196,SARAWAK,P. 196,STAMPIN,127218,123864,2305,1049,7984,26620,28569,24606,17857,12161,7029,2010,382,64161,63057
P. 197,SARAWAK,P. 197,KOTA SAMARAHAN,88283,83277,4774,232,7360,21505,20589,15612,11235,7117,3541,1117,207,44617,43666
P. 198,SARAWAK,P. 198,PUNCAK BORNEO,83121,82290,0,831,5053,16220,17608,14573,12986,9936,4956,1392,397,42053,41068
P. 199,SARAWAK,P. 199,SERIAN,67762,67560,0,202,4058,12611,14080,11584,11135,8571,4231,1179,313,34375,33387
P. 200,SARAWAK,P. 200,BATANG SADONG,33912,33792,0,120,2193,6364,7010,5563,5431,4288,2220,649,194,16773,17139
P. 201,SARAWAK,P. 201,BATANG LUPAR,44643,44618,0,25,2767,8527,9846,7387,7261,5161,2634,815,245,22314,22329
P. 202,SARAWAK,P. 202,SRI AMAN,52274,51165,354,755,3156,9939,10612,8288,8131,6854,3756,1232,306,26351,25923
P. 203,SARAWAK,P. 203,LUBOK ANTU,30152,30078,0,74,1850,5058,5796,5045,5209,3968,2245,699,282,15202,14950
P. 204,SARAWAK,P. 204,BETONG,43242,43094,0,148,2570,8146,9599,7055,6767,5169,2884,852,200,21634,21608
P. 205,SARAWAK,P. 205,SARATOK,46304,46168,0,136,2923,9106,9827,7401,7262,5767,3097,721,200,23125,23179
P. 206,SARAWAK,P. 206,TANJONG MANIS,33994,33988,0,6,2266,7106,7429,5926,5229,3603,1783,483,169,16962,17032
P. 207,SARAWAK,P. 207,IGAN,29231,29163,0,68,1909,6198,6653,4765,4323,3247,1611,430,95,14439,14792
P. 208,SARAWAK,P. 208,SARIKEI,57247,56870,0,377,3092,10210,11891,9938,9045,7129,4158,1345,439,28693,28554
P. 209,SARAWAK,P. 209,JULAU,36020,35949,0,71,2167,6830,7630,5949,6081,4131,2123,710,399,18353,17667
P. 210,SARAWAK,P. 210,KANOWIT,32050,31966,0,84,2035,5825,6785,5231,5087,3931,2105,740,311,15965,16085
P. 211,SARAWAK,P. 211,LANANG,90976,89025,1313,638,5293,17715,18835,15240,13703,11026,6588,1917,659,44892,46084
P. 212,SARAWAK,P. 212,SIBU,110424,107966,1890,568,6778,21852,24361,19650,16067,12428,6561,2081,646,54974,55450
P. 213,SARAWAK,P. 213,MUKAH,48763,48541,0,222,3184,10026,10337,8155,7515,5504,3032,839,171,24658,24105
P. 214,SARAWAK,P. 214,SELANGAU,48289,48205,0,84,3512,10004,10501,7861,7666,4907,2534,887,417,24415,23874
P. 215,SARAWAK,P. 215,KAPIT,47080,46921,0,159,3244,9208,10254,7851,7223,5074,2691,1074,461,23317,23763
P. 216,SARAWAK,P. 216,HULU RAJANG,45698,45626,0,72,3396,10010,9751,7307,6572,4661,2284,1057,660,23275,22423
P. 217,SARAWAK,P. 217,BINTULU,120245,119273,562,410,8896,27631,27432,18804,17577,12673,5380,1366,486,60993,59252
P. 218,SARAWAK,P. 218,SIBUTI,60522,59985,488,49,3735,13203,14673,10374,8052,6215,3282,774,214,31071,29451
P. 219,SARAWAK,P. 219,MIRI,150080,149026,0,1054,9808,31358,33161,25217,21131,17027,9118,2432,828,74643,75437
P. 220,SARAWAK,P. 220,BARAM,61697,61584,0,113,3805,11520,11918,10051,9927,7598,4093,1615,1170,31860,29837
P. 221,SARAWAK,P. 221,LIMBANG,43647,43254,0,393,2795,8663,9492,7474,6339,5292,2611,720,261,22244,21403
P. 222,SARAWAK,P. 222,LAWAS,35109,34982,0,127,2260,7469,7607,6025,5109,3875,1949,571,244,18147,16962
