Time,SABAH (2020),MELAKA (2021),SARAWAK (2021),JOHOR (2022),GE15 (2022),KEDAH (2023),KELANTAN (2023),TERENGGANU (2023),PULAU PINANG (2023),SELANGOR (2023),NEGERI SEMBILAN (2023),SABAH (2025),JOHOR (2026),NEGERI SEMBILAN (2026)
9:00 AM,,,,,,22,23,20,22,17,19,28.5,18.25,14.31
10:00 AM,,,,,,45,45,41,42,37,40,46.9,38.64,34.26
11:00 AM,,,,,,61,63,59,59,55,60,61.7,56.32,53.26
12:00 PM,,,,,,,,,,,,78.32,,68.85
1:00 PM,,,,,,,,,,,,84.66,,
2:00 PM,,,,,,,,,,,,88.37,88.6,
3:00 PM,,,,,,,,,,,,91.09,92.86,
4:00 PM,,,,,,,,,,,,,,
5:00 PM,,,,,,96.02,93.9,95.91,95.01,95.87,94.05,92,94.49,
